# zh\ten\tja\tfr — editorial common words and complete phrases, authored for Qingyu
开发	develop	開発	développer
项目	project	プロジェクト	projet
设计	design	デザイン	conception
编程	programming	プログラミング	programmation
部署	deploy	デプロイ	déployer
你好	hello	こんにちは	bonjour
谢谢	thank you	ありがとう	merci
再见	goodbye	さようなら	au revoir
早上好	good morning	おはようございます	bonjour
晚上好	good evening	こんばんは	bonsoir
晚安	good night	おやすみなさい	bonne nuit
对不起	sorry	ごめんなさい	désolé
没关系	it's okay	大丈夫です	ce n’est pas grave
请	please	お願いします	s’il vous plaît
是的	yes	はい	oui
不是	no	いいえ	non
中国	China	中国	Chine
中国人民	the Chinese people	中国の人々	le peuple chinois
中文	Chinese	中国語	chinois
英语	English	英語	anglais
日语	Japanese	日本語	japonais
法语	French	フランス語	français
今天	today	今日	aujourd’hui
明天	tomorrow	明日	demain
昨天	yesterday	昨日	hier
北京	Beijing	北京	Pékin
朋友	friend	友達	ami
工作	work	仕事	travail
学习	study	勉強	étudier
喜欢	like	好き	aimer
时间	time	時間	temps
输入法	input method	入力方式	méthode de saisie
键盘	keyboard	キーボード	clavier
翻译	translation	翻訳	traduction
我爱你	I love you	愛しています	je t’aime
你好吗	how are you?	お元気ですか	comment allez-vous ?
我们明天去北京	we are going to Beijing tomorrow	私たちは明日北京に行きます	nous allons à Pékin demain
我想学习英语	I want to learn English	英語を勉強したいです	je veux apprendre l’anglais
很高兴认识你	nice to meet you	お会いできてうれしいです	enchanté de faire votre connaissance
请稍等	please wait a moment	少々お待ちください	veuillez patienter un instant
祝你生日快乐	happy birthday	お誕生日おめでとうございます	joyeux anniversaire
今天天气很好	the weather is nice today	今日はいい天気です	il fait beau aujourd’hui
你在哪里	where are you?	どこにいますか	où êtes-vous ?
我们一起吃饭吧	let’s eat together	一緒に食事をしましょう	mangeons ensemble
我马上回来	I’ll be right back	すぐ戻ります	je reviens tout de suite
