# raw pinyin	expected word	group	maximum one-based candidate rank	optional assessment scope
nihao	你好	common	5
xiexie	谢谢	common	5
zaijian	再见	common	5
duibuqi	对不起	common	5
meiguanxi	没关系	common	5
bukeqi	不客气	common	5
pengyou	朋友	common	5
jintian	今天	common	5
mingtian	明天	common	5
zuotian	昨天	common	5
zaoshang	早上	common	5
zhongwu	中午	common	5
xiawu	下午	common	5
wanshang	晚上	common	5
tianqi	天气	common	5
xiayu	下雨	common	5
qingtian	晴天	common	5
huijia	回家	common	5
shangban	上班	common	5
xiaban	下班	common	5
chifan	吃饭	common	5
heshui	喝水	common	5
zaocan	早餐	common	5
wufan	午饭	common	5
wanfan	晚饭	common	5
xiuxi	休息	common	5
shuijiao	睡觉	common	5
qichuang	起床	common	5
xuexi	学习	common	5
gongzuo	工作	common	5
xuesheng	学生	common	5
laoshi	老师	common	5
xuexiao	学校	common	5
gongsi	公司	common	5
tongshi	同事	common	5
kehu	客户	common	5
huiyi	会议	common	5
shijian	时间	common	5
didian	地点	common	5
dizhi	地址	common	5
dianhua	电话	common	5
shouji	手机	common	5
diannao	电脑	common	5
ruanjian	软件	common	5
kaifa	开发	common	5
xiangmu	项目	common	5
sheji	设计	common	5
ceshi	测试	common	5
anzhuang	安装	common	5
xiazai	下载	common	5
gengxin	更新	common	5
banben	版本	common	5
shezhi	设置	common	5
xiaoxi	消息	common	5
youjian	邮件	common	5
wenjian	文件	common	5
wenzi	文字	common	5
shurufa	输入法	common	5
zhongwen	中文	common	5
yingyu	英语	common	5
zhongguo	中国	common	5
renmin	人民	common	5
jiaren	家人	common	5
fumu	父母	common	5
haizi	孩子	common	5
shengri	生日	common	5
kuaile	快乐	common	5
kaixin	开心	common	5
gaoxing	高兴	common	5
xihuan	喜欢	common	5
keyi	可以	common	5
xuyao	需要	common	5
juede	觉得	common	5
renwei	认为	common	5
zhidao	知道	common	5
mingbai	明白	common	5
shiqing	事情	common	5
wenti	问题	common	5
banfa	办法	common	5
jihua	计划	common	5
xuanze	选择	common	5
jieguo	结果	common	5
yuanyin	原因	common	5
guanxi	关系	common	5
shenghuo	生活	common	5
jiankang	健康	common	5
yiyuan	医院	common	5
yinhang	银行	common	5
shangdian	商店	common	5
chaoshi	超市	common	5
jiage	价格	common	5
pianyi	便宜	common	5
gui	贵	common	5
fukuan	付款	common	5
dingdan	订单	common	5
jiaotong	交通	common	5
huoche	火车	common	5
qiche	汽车	common	5
ditie	地铁	common	5
gaotie	高铁	common	5
chuzuche	出租车	common	5
jichang	机场	common	5
chezhan	车站	common	5
chufa	出发	common	5
daoda	到达	common	5
lvyou	旅游	common	5
jiudian	酒店	common	5
canting	餐厅	common	5
shuiguo	水果	common	5
pingguo	苹果	common	5
xiangjiao	香蕉	common	5
xigua	西瓜	common	5
mianbao	面包	common	5
niunai	牛奶	common	5
kafei	咖啡	common	5
cha	茶	common	5
yundong	运动	common	5
lanqiu	篮球	common	5
zuqiu	足球	common	5
youyong	游泳	common	5
dianying	电影	common	5
yinyue	音乐	common	5
xinwen	新闻	common	5
kanshu	看书	common	5
piaoliang	漂亮	common	5
meili	美丽	common	5
feichang	非常	common	5
yijing	已经	common	5
haishi	还是	common	5
danshi	但是	common	5
suoyi	所以	common	5
yinwei	因为	common	5
ruguo	如果	common	5
ranhou	然后	common	5
xianzai	现在	common	5
yiqi	一起	common	5
yixia	一下	common	5
keneng	可能	common	5
yinggai	应该	common	5
buneng	不能	common	5
meiyou	没有	common	5
shenme	什么	common	5
weishenme	为什么	common	5
zenme	怎么	common	5
shihou	时候	common	5
duoshao	多少	common	5
anzhuo	安卓	modern	5
weixin	微信	modern	5
zhifubao	支付宝	modern	5
pengyouquan	朋友圈	modern	5
duanshipin	短视频	modern	5
gongzhonghao	公众号	modern	5
zhibo	直播	modern	5
wanggou	网购	modern	5
dianshang	电商	modern	5
saoma	扫码	modern	5
erweima	二维码	modern	5
rengongzhineng	人工智能	modern	5
yunjisuan	云计算	modern	5
wulianwang	物联网	modern	5
jiqiren	机器人	modern	5
waimai	外卖	modern	5
kuaidi	快递	modern	5
dache	打车	modern	5
wangyueche	网约车	modern	5
wurenji	无人机	modern	5
yingyongruanjian	应用软件	modern	5
caozuoxitong	操作系统	modern	5
jietu	截图	modern	5
jiantieban	剪贴板	modern	5
hongbao	红包	modern	5
zhanghao	账号	modern	5
mima	密码	modern	5
lanya	蓝牙	modern	5
chongdianbao	充电宝	modern	5
shujuku	数据库	modern	5
liulanqi	浏览器	modern	5
huadong	滑动	modern	5
chukong	触控	modern	5
yinsi	隐私	modern	5
huancun	缓存	modern	5
jingyin	静音	modern	5
zhendong	震动	modern	5
qiehuan	切换	modern	5
erji	耳机	modern	5
redian	热点	modern	5
shipintonghua	视频通话	modern	5
yuyinliaotian	语音聊天	modern	5
zhinengshouji	智能手机	modern	5
yidongzhifu	移动支付	modern	5
xinxianquan	信息安全	modern	5
yuanchengbangong	远程办公	modern	5
kaiyuan	开源	modern	5
lixian	离线	modern	5
zaixian	在线	modern	5
wangluo	网络	modern	5
shangchuan	上传	modern	5
fuwuqi	服务器	modern	5
yingpan	硬盘	modern	5
neicun	内存	modern	5
xianshiqi	显示器	modern	5
jianpan	键盘	modern	5
pingmu	屏幕	modern	5
liuliang	流量	modern	5
chongzhi	充值	modern	5
tuikuan	退款	modern	5
baoguo	包裹	modern	5
dangang	单杠	modern	5
shuanggang	双杠	modern	5
fuwocheng	俯卧撑	modern	5
dangan	档案	ambiguous	5
xian	西安	ambiguous	5
fangan	方案	ambiguous	5
fangan	反感	ambiguous	5
anggui	昂贵	ambiguous	5
nver	女儿	ambiguous	5
yue	余额	ambiguous	5
pingan	平安	ambiguous	5
changan	长安	ambiguous	5
change	嫦娥	ambiguous	5
haiou	海鸥	ambiguous	5
qie	企鹅	ambiguous	5
tiane	天鹅	ambiguous	5
jie	饥饿	ambiguous	5
xiane	限额	ambiguous	5
kuai	酷爱	ambiguous	5
xiai	喜爱	ambiguous	5
xinai	心爱	ambiguous	5
guanai	关爱	ambiguous	5
zhiai	挚爱	ambiguous	5
shiai	示爱	ambiguous	5
pianai	偏爱	ambiguous	5
keai	可爱	ambiguous	5
zuai	阻碍	ambiguous	5
zhangai	障碍	ambiguous	5
bian	彼岸	ambiguous	5
liangan	两岸	ambiguous	5
dian	堤岸	ambiguous	5
shangan	上岸	ambiguous	5
yanan	沿岸	ambiguous	5
beian	备案	ambiguous	5
lian	立案	ambiguous	5
jiean	结案	ambiguous	5
yian	议案	ambiguous	5
tian	提案	ambiguous	5
daan	答案	ambiguous	5
baoan	保安	ambiguous	5
tuan	图案	ambiguous	5
gongan	公安	ambiguous	5
poan	破案	ambiguous	5
anan	暗暗	ambiguous	5
ganen	感恩	ambiguous	5
yinyun	音韵	ambiguous	5
binggan	饼干	ambiguous	5
xianyang	咸阳	ambiguous	5
shanyi	善意	ambiguous	5
manyi	满意	ambiguous	5
anwen	安稳	ambiguous	5
chanye	产业	ambiguous	5
fanyi	翻译	ambiguous	5
nangua	南瓜	ambiguous	5
yinyong	引用	ambiguous	5
jingying	经营	ambiguous	5
xinan	西南	ambiguous	5
jinan	济南	ambiguous	5
pinyin	拼音	ambiguous	5
jiner	进而	ambiguous	5
jinhu	近乎	ambiguous	5
jiandan	简单	ambiguous	5
jianyi	建议	ambiguous	5
zhonghuarenmingongheguo	中华人民共和国	long	5
zhongguorenminyinhang	中国人民银行	long	5
zhongguorenmindaxue	中国人民大学	long	5
beijingdaxue	北京大学	long	5
qinghuadaxue	清华大学	long	5
yifanfengshun	一帆风顺	long	5
shengrikuaile	生日快乐	long	5
wanshiruyi	万事如意	long	5
xinxiangshicheng	心想事成	long	5
mingfuqishi	名副其实	long	5
momingqimiao	莫名其妙	long	5
shishiqiushi	实事求是	long	5
wuyulunbi	无与伦比	long	5
lisuodangran	理所当然	long	5
huangrandawu	恍然大悟	long	5
turuqilai	突如其来	long	5
bukesiyi	不可思议	long	5
ziranerran	自然而然	long	5
shunqiziran	顺其自然	long	5
jisuanjikexue	计算机科学	long	5
ziranyuyanchuli	自然语言处理	long	5
yidonghulianwang	移动互联网	long	5
dianzishangwu	电子商务	long	5
xinxijishu	信息技术	long	5
zhongyangchuliqi	中央处理器	long	5
haidilaozhen	海底捞针	long	5
wangyangbulao	亡羊补牢	long	5
gezhonggeyang	各种各样	long	5
bantuerfei	半途而废	long	5
kaimenjianshan	开门见山	long	5
yixinyiyi	一心一意	long	5
sanxineryi	三心二意	long	5
juyifansan	举一反三	long	5
chongqing	重庆	polyphonic	5
changsha	长沙	polyphonic	5
changchun	长春	polyphonic	5
chongxin	重新	polyphonic	5
chongfu	重复	polyphonic	5
zhongyao	重要	polyphonic	5
xingwei	行为	polyphonic	5
xingdong	行动	polyphonic	5
hangye	行业	polyphonic	5
xingzou	行走	polyphonic	5
lvxing	旅行	polyphonic	5
kunnan	困难	polyphonic	5
zainan	灾难	polyphonic	5
nanguo	难过	polyphonic	5
tiaozheng	调整	polyphonic	5
tiaojie	调节	polyphonic	5
diaocha	调查	polyphonic	5
diaodong	调动	polyphonic	5
liaojie	了解	polyphonic	5
jiejue	解决	polyphonic	5
jiefang	解放	polyphonic	5
cengjing	曾经	polyphonic	5
xuehui	学会	polyphonic	5
jiaoxue	教学	polyphonic	5
jiaoshi	教师	polyphonic	5
yingyong	应用	polyphonic	5
yingjie	应届	polyphonic	5
juese	角色	polyphonic	5
xiangchu	相处	polyphonic	5
chuzhang	处长	polyphonic	5
chuli	处理	polyphonic	5
zhuanshen	转身	polyphonic	5
zhuandong	转动	polyphonic	5
bohe	薄荷	polyphonic	5
zhaoyang	朝阳	polyphonic	5
chaodai	朝代	polyphonic	5
kaihui	开会	polyphonic	5
kuaiji	会计	polyphonic	5
fangbian	方便	polyphonic	5
xingqu	兴趣	polyphonic	5
xingfen	兴奋	polyphonic	5
shuxue	数学	polyphonic	5
shuliang	数量	polyphonic	5
dushi	都市	polyphonic	5
shoudu	首都	polyphonic	5
yunzai	运载	polyphonic	5
zhuangzai	装载	polyphonic	5
kongjian	空间	polyphonic	5
kongbai	空白	polyphonic	5
jiange	间隔	polyphonic	5
jianjie	间接	polyphonic	5
canjia	参加	polyphonic	5
cenci	参差	polyphonic	5
miyue	密钥	polyphonic	5
gongyue	公钥	polyphonic	5
siyue	私钥	polyphonic	5
shuizhe	睡着	polyphonic	5
chuanzhuo	穿着	polyphonic	5
weile	为了	polyphonic	5
weiren	为人	polyphonic	5
huankuan	还款	polyphonic	5
guihuan	归还	polyphonic	5
deidao	得到	polyphonic	5
dan'gang	单杠	explicit-boundary	5
an'zhuo	安卓	explicit-boundary	5
xi'an	西安	explicit-boundary	5
dang'an	档案	explicit-boundary	5
chan'ye	产业	explicit-boundary	5
pin'yin	拼音	explicit-boundary	5
chang'an	长安	explicit-boundary	5
woxiangqubeijing	我想去北京	sentence	5
jintiantianqihenhao	今天天气很好	sentence	5
woxihuanchipingguo	我喜欢吃苹果	sentence	5
qingsaomazhifu	请扫码支付	sentence	5	assessment
woxiangdawangyueche	我想打网约车	sentence	5	assessment
woyaokanduanshipin	我要看短视频	sentence	5	assessment
nohao	你好	correction	5
nihhao	你好	correction	5
nihaoo	你好	correction	5
niho	你好	correction	5
nhiao	你好	correction	5
tian	天	single-syllable	1
jian	见	single-syllable	1
yuan	元	single-syllable	1
yuan	原	single-syllable	5
xian	先	single-syllable	1
lve	略	umlaut	5
nve	虐	umlaut	5
gonglve	攻略	umlaut	5
celve	策略	umlaut	5
lue	略	umlaut	5
nue	虐	umlaut	5
nver	女儿	umlaut	5
